post_date,likes_count
2023-04-26 22:05:16,62
2022-12-22 18:13:55,12
2022-08-22 23:37:45,25
2022-08-01 18:12:29,48
2022-03-24 17:40:55,40
2021-12-10 13:44:52,10
2021-12-02 20:32:40,25
2021-09-19 16:56:37,30
2021-08-28 16:54:25,33
2021-08-03 18:40:37,42
2021-04-30 20:28:22,22
2021-04-26 16:27:06,18
2021-04-05 19:38:20,23
2021-03-30 22:32:40,14
2021-03-23 23:33:37,21
2021-02-19 20:34:32,42
2020-12-25 20:57:45,20
2020-12-25 10:39:00,27
2020-11-02 16:37:46,17
2020-10-30 13:03:31,21
2020-10-26 13:35:12,7
2020-10-07 15:12:16,36
2020-10-06 19:39:14,39
2020-09-02 13:37:55,15
2020-08-02 23:33:10,54
2020-07-02 10:36:50,6
2020-05-03 19:23:02,0
2020-04-28 00:44:04,25
2020-04-10 12:52:03,11
2020-03-24 11:52:37,29
2020-02-23 11:01:39,20
2019-12-26 20:25:47,7
2019-12-24 17:40:38,9
2019-12-21 20:06:12,51
2019-12-19 07:59:55,10
2019-11-16 00:15:52,20
2019-09-13 22:04:18,9
2019-08-06 11:07:04,22
2019-06-02 10:07:52,2
2019-02-19 22:00:18,78
2018-10-14 09:51:23,7
2018-09-27 17:06:14,20
2018-09-02 12:27:22,33
2018-08-27 11:31:45,5
2018-06-30 14:35:52,5
2017-12-18 11:26:53,38
2017-10-22 20:58:31,20
2017-09-06 23:50:55,3
2017-09-04 00:36:31,11
2017-07-22 22:11:01,25
2017-07-19 00:34:16,12
2017-05-28 12:34:30,14
2017-05-23 12:43:57,12
2017-05-11 23:12:47,25
2017-03-27 16:03:53,7
2017-01-27 23:08:52,10
2016-12-14 20:12:44,26
2016-10-21 19:11:03,3
2016-10-06 23:21:25,3
2016-09-24 16:37:11,5
2016-09-11 23:50:54,3
2016-07-25 21:40:29,4
2016-07-11 00:17:09,5
2016-07-07 12:28:05,1
2016-06-25 00:54:55,5
2016-06-19 23:21:29,8
2015-11-11 16:28:44,3
2015-08-07 12:06:25,4
2015-06-23 12:09:44,15
2015-06-11 10:27:50,6
2015-05-24 15:51:27,64
2015-05-24 12:33:22,60
2015-01-18 13:46:39,5
2015-01-16 00:46:53,11
2015-01-16 00:22:42,10
2015-01-07 13:26:23,0
2014-12-21 22:11:29,3
2014-11-20 02:20:25,2
2014-10-17 15:22:14,0
2014-09-29 10:49:27,7
2014-09-28 23:14:42,0
2014-09-28 21:18:30,5
2014-09-28 20:59:10,3
2014-09-28 20:16:43,3
2014-09-28 19:54:26,2
2014-09-22 14:20:22,0
2014-09-10 08:15:56,1
2014-09-03 11:38:43,0
2014-08-08 13:58:53,0
2014-04-23 20:08:37,0
2014-04-23 19:50:26,0
2014-04-23 19:42:51,0
2014-04-23 18:45:08,0
2014-04-23 18:24:19,0
2014-04-23 15:29:28,0
2014-04-23 12:33:00,0
2014-04-23 11:44:48,0
2014-04-23 10:09:52,0
2014-04-23 09:31:51,0
2014-04-23 09:15:37,0
